date,spot_1030,straddle_mid,em,lower,upper,skew,spx_close,contained
2026-08-31,7666.68,21.40,18.19,7645,7685,0.845,7686.14,0
2026-09-01,7653.81,18.90,16.06,7635,7670,0.861,7631.47,0
2026-09-02,7669.99,21.10,17.94,7650,7690,1.001,7666.59,1
2026-09-03,7703.30,19.40,16.49,7685,7720,0.913,7747.71,0
2026-09-04,7728.09,19.90,16.91,7710,7750,1.211,7718.60,1
2026-09-08,7682.43,19.40,16.49,7665,7700,1.008,7673.52,1
2026-09-09,7654.13,20.80,17.68,7635,7675,1.091,7636.36,1
2026-09-10,7600.40,24.30,20.66,7575,7625,0.969,7591.74,1
2026-09-11,7671.14,22.30,18.96,7650,7695,1.129,7656.98,1
2026-09-14,7601.05,22.10,18.78,7580,7620,0.900,7619.98,1
2026-09-17,7627.99,22.00,18.70,7605,7650,0.957,7637.76,1
2026-09-18,7623.86,21.40,18.19,7605,7645,1.121,7650.50,0
2026-09-21,7720.50,16.80,14.28,7705,7735,0.935,7764.71,0
2026-09-22,7766.16,17.85,15.17,7750,7785,1.166,7764.64,1
2026-09-23,7718.01,22.75,19.34,7695,7740,0.956,7706.05,1
2026-09-24,7690.33,22.85,19.42,7670,7710,0.968,7704.13,1
2026-09-25,7704.24,27.45,23.33,7680,7730,1.063,7743.41,0
2026-09-28,7703.52,22.25,18.91,7680,7725,0.913,7683.68,1
2026-09-29,7683.54,26.30,22.36,7660,7710,1.124,7670.84,1
2026-09-30,7707.76,24.10,20.48,7685,7730,0.977,7651.58,0
2026-10-01,7631.98,32.70,27.80,7600,7660,0.876,7666.45,0
2026-10-02,7749.69,26.20,22.27,7725,7775,1.025,7722.72,0
2026-10-05,7756.02,20.85,17.72,7735,7775,0.903,7773.95,1
2026-10-06,7816.78,20.95,17.81,7795,7835,0.837,7818.93,1
2026-10-07,7772.06,22.70,19.29,7750,7795,1.040,7801.77,0
2026-10-08,7792.01,20.30,17.25,7770,7810,0.817,7765.36,0
2026-10-09,7792.44,18.25,15.51,7775,7810,1.007,,
