ran_at,strategy,params_hash,start,end,trades,expectancy,pf,confidence,max_dd_pct,sharpe,bench_sharpe,verdict
2026-09-30T08:59:08,RSI2,910036c671,2017-10-12,2026-09-29,845,12.98,1.27,0.993,-0.033,0.51,0.75,FAIL
2026-09-30T09:00:06,MOM,e0645c09c1,2017-10-12,2026-09-29,538,198.38,2.32,1.0,-0.1186,1.02,1.0,PASS
2026-09-30T09:00:54,PB90,9aa379f634,2017-10-12,2026-09-29,1104,25.67,1.16,0.977,-0.0959,0.51,1.0,FAIL
2026-09-30T09:12:37,MOMR,3717fe5b9e,2017-10-12,2026-09-29,488,128.65,1.8,0.999,-0.0987,0.69,1.0,FAIL
2026-09-30T09:13:30,BRK55,6cd6cb684a,2017-10-12,2026-09-29,403,189.51,1.87,1.0,-0.1223,0.87,1.0,FAIL
2026-09-30T09:14:26,HI52,835358d077,2017-10-12,2026-09-29,427,88.73,1.65,0.996,-0.0882,0.61,1.0,FAIL
2026-09-30T09:15:20,QBO,ebb9f222f8,2017-10-12,2026-09-29,664,10.81,1.06,0.672,-0.1253,0.16,1.0,FAIL
2026-09-30T09:15:35,SECROT,0d65cdfff4,2017-10-12,2026-09-29,120,62.31,1.7,0.97,-0.0301,0.6,0.75,FAIL
2026-09-30T09:16:29,MOM,cc3d73de5e,2017-10-12,2026-09-29,538,198.38,2.32,1.0,-0.1186,1.02,1.0,PASS
2026-09-30T11:14:18,QBO,pit_sp500,ebb9f222f8,2017-10-12,2026-09-29,1198,4.77,1.03,0.628,-0.219,0.13,0.58,FAIL
2026-09-30T11:14:25,MOM,pit_sp500,cc3d73de5e,2017-10-12,2026-09-29,650,62.77,1.3,0.95,-0.1939,0.43,0.58,FAIL
2026-09-30T11:14:27,PB90,pit_sp500,59f8ee58d2,2017-10-12,2026-09-29,1550,12.71,1.08,0.895,-0.1617,0.32,0.58,FAIL
2026-09-30T11:14:28,HI52,pit_sp500,835358d077,2017-10-12,2026-09-29,466,41.05,1.24,0.874,-0.1421,0.32,0.58,FAIL
2026-09-30T11:14:34,BRK55,pit_sp500,6cd6cb684a,2017-10-12,2026-09-29,445,150.7,1.56,0.899,-0.1849,0.56,0.58,FAIL
2026-09-30T11:14:46,MOMR,pit_sp500,3717fe5b9e,2017-10-12,2026-09-29,476,67.26,1.3,0.924,-0.2128,0.37,0.58,FAIL
