position_id,side,short_strike,long_strike,expiry,qty,status,order_id,credit_limit,credit_fill,exit_reason,close_order_id,close_limit,close_fill,pnl_live,opened_ts,closed_ts,note
2026-09-23-MEIC-12:00-PUT,PUT,7695.0,7665.0,2026-09-23,1,SKIPPED,1008034441295,1.72,,,,,,,2026-09-23T12:00:19-04:00,,open REJECTED
2026-09-23-MEIC-12:00-CALL,CALL,7730.0,7760.0,2026-09-23,1,EXPIRED,1008034441297,2.20,2.20,TP,1008042117640,0.13,0.00,220.00,2026-09-23T12:00:20-04:00,2026-09-23T16:24:02-04:00,rung0 | cash settle
2026-09-23-MEIC-12:30-PUT,PUT,7695.0,7665.0,2026-09-23,1,EXPIRED,1008035575838,1.70,1.70,STOPPED,1008042117642,4.48,0.00,170.00,2026-09-23T12:30:22-04:00,2026-09-23T16:24:02-04:00,rung0 | cash settle
2026-09-23-MEIC-12:30-CALL,CALL,7730.0,7760.0,2026-09-23,1,EXPIRED,1008035575542,1.70,1.85,TP,1008042117645,0.13,0.00,185.00,2026-09-23T12:30:23-04:00,2026-09-23T16:24:02-04:00,rung0 | cash settle
2026-09-23-MEIC-13:00-PUT,PUT,7685.0,7655.0,2026-09-23,1,SKIPPED,1008037184162,1.97,,,,,,,2026-09-23T13:00:29-04:00,,open REJECTED
2026-09-23-MEIC-13:00-CALL,CALL,7720.0,7750.0,2026-09-23,1,SKIPPED,1008037184166,1.88,,,,,,,2026-09-23T13:00:29-04:00,,open REJECTED
2026-09-23-MEIC-13:30-PUT,PUT,7680.0,7650.0,2026-09-23,1,SKIPPED,1008037185860,1.57,,,,,,,2026-09-23T13:30:16-04:00,,open REJECTED
2026-09-23-MEIC-13:30-CALL,CALL,7715.0,7745.0,2026-09-23,1,EXPIRED,1008037185862,2.25,2.25,STOPPED,1008042117648,4.52,0.00,225.00,2026-09-23T13:30:17-04:00,2026-09-23T16:24:02-04:00,rung0 | cash settle
2026-09-23-MEIC-14:00-PUT,PUT,7705.0,7675.0,2026-09-23,1,EXPIRED,1008039041426,1.95,1.95,STOPPED,1008042117650,4.18,0.00,195.00,2026-09-23T14:00:06-04:00,2026-09-23T16:24:02-04:00,rung0 | cash settle
2026-09-23-MEIC-14:00-CALL,CALL,7735.0,7765.0,2026-09-23,1,EXPIRED,1008039041429,1.60,1.60,TP,1008042117380,0.10,0.00,160.00,2026-09-23T14:00:07-04:00,2026-09-23T16:24:02-04:00,rung0 | cash settle
2026-09-23-MEIC-14:30-PUT,PUT,7705.0,7675.0,2026-09-23,1,SKIPPED,1008039903831,2.42,,,,,,,2026-09-23T14:30:25-04:00,,open REJECTED
2026-09-23-MEIC-14:30-CALL,CALL,7720.0,7750.0,2026-09-23,1,SKIPPED,1008040196514,2.20,,,,,,,2026-09-23T14:30:25-04:00,,unfilled after reprice
2026-09-24-MEIC-12:00-PUT,PUT,7645.0,7615.0,2026-09-24,1,EXPIRED,1008050297878,1.75,1.75,HALT,1008059878465,30.00,0.00,175.00,2026-09-24T12:00:03-04:00,2026-09-24T16:07:04-04:00,rung2 | cash settle
2026-09-24-MEIC-12:00-CALL,CALL,7695.0,7725.0,2026-09-24,1,CLOSED,1008050297881,1.60,1.60,STOPPED,1008052035112,7.60,7.60,-600.00,2026-09-24T12:00:03-04:00,2026-09-24T13:43:38-04:00,rung2
2026-09-24-MEIC-12:30-PUT,PUT,7665.0,7635.0,2026-09-24,1,EXPIRED,1008052035501,1.45,1.50,HALT,1008059878468,30.00,0.00,150.00,2026-09-24T12:30:07-04:00,2026-09-24T16:07:05-04:00,rung2 | cash settle
2026-09-24-MEIC-12:30-CALL,CALL,7730.0,7760.0,2026-09-24,1,CLOSED,1008052035503,1.85,1.85,STOPPED,1008053424297,4.60,4.25,-240.00,2026-09-24T12:30:07-04:00,2026-09-24T12:42:09-04:00,rung0
2026-09-24-MEIC-13:00-PUT,PUT,7675.0,7645.0,2026-09-24,1,SKIPPED,1008053425616,1.45,,,,,,,2026-09-24T13:00:25-04:00,,open REJECTED: The order is not an opening transaction. It will decrease or close an existing o
2026-09-24-MEIC-13:00-CALL,CALL,7740.0,7770.0,2026-09-24,1,EXPIRED,1008053425618,1.80,1.80,HALT,1008059878470,30.00,0.00,180.00,2026-09-24T13:00:26-04:00,2026-09-24T16:07:05-04:00,rung2 | cash settle
2026-09-24-MEIC-14:00-PUT,PUT,7680.0,7650.0,2026-09-24,1,CLOSED,1008054645928,1.80,1.80,STOPPED,1008056326142,4.70,4.30,-250.00,2026-09-24T14:00:05-04:00,2026-09-24T14:04:45-04:00,rung0
2026-09-24-MEIC-14:00-CALL,CALL,7715.0,7745.0,2026-09-24,1,EXPIRED,1008054645931,2.10,2.20,HALT,1008059878473,30.00,0.00,220.00,2026-09-24T14:00:06-04:00,2026-09-24T16:07:06-04:00,rung2 | cash settle
2026-09-25-MEIC-12:00-PUT,PUT,7695.0,7665.0,2026-09-25,1,SKIPPED,1008068797156,1.55,,,,,,,2026-09-25T12:00:22-04:00,,unfilled after reprice
2026-09-25-MEIC-12:00-CALL,CALL,7755.0,7785.0,2026-09-25,1,CLOSED,1008068796774,1.65,1.85,STOPPED,1008068797069,4.60,4.60,-279.72,2026-09-25T12:00:23-04:00,2026-09-25T12:04:38-04:00,rung0
2026-09-25-MEIC-12:30-PUT,PUT,7715.0,7685.0,2026-09-25,1,CLOSED,1008070002777,1.70,1.90,TP,1008075671251,0.15,0.05,180.28,2026-09-25T12:30:26-04:00,2026-09-25T15:50:31-04:00,rung0
2026-09-25-MEIC-12:30-CALL,CALL,7770.0,7800.0,2026-09-25,1,CLOSED,1008070002780,1.90,1.90,TP,1008075671115,0.10,0.05,180.28,2026-09-25T12:30:27-04:00,2026-09-25T15:47:47-04:00,rung0
2026-09-25-MEIC-13:00-PUT,PUT,7710.0,7680.0,2026-09-25,1,CLOSED,1008071444174,1.70,1.70,TP,1008075671254,0.10,0.05,160.28,2026-09-25T13:00:20-04:00,2026-09-25T15:51:03-04:00,rung0
2026-09-25-MEIC-13:00-CALL,CALL,7755.0,7785.0,2026-09-25,1,EXPIRED,1008071444176,1.80,1.80,TP,1008076914015,0.15,0.00,177.64,2026-09-25T13:00:20-04:00,2026-09-25T16:07:02-04:00,rung0 | cash settle
2026-09-25-MEIC-13:30-PUT,PUT,7725.0,7695.0,2026-09-25,1,EXPIRED,1008071445585,1.70,1.80,TP,1008076914048,0.10,0.00,177.64,2026-09-25T13:30:15-04:00,2026-09-25T16:07:02-04:00,rung0 | cash settle
2026-09-25-MEIC-13:30-CALL,CALL,7760.0,7790.0,2026-09-25,1,EXPIRED,1008071445587,1.70,1.70,TP,1008076914050,0.10,0.00,167.64,2026-09-25T13:30:15-04:00,2026-09-25T16:07:03-04:00,rung0 | cash settle
2026-09-25-MEIC-14:00-PUT,PUT,7730.0,7700.0,2026-09-25,1,EXPIRED,1008072698882,1.95,2.00,TP,1008076914052,0.10,0.00,197.64,2026-09-25T14:00:07-04:00,2026-09-25T16:07:03-04:00,rung0 | cash settle
2026-09-25-MEIC-14:00-CALL,CALL,7750.0,7780.0,2026-09-25,1,EXPIRED,1008072698885,2.40,2.40,TP,1008076914054,0.10,0.00,237.64,2026-09-25T14:00:08-04:00,2026-09-25T16:07:04-04:00,rung0 | cash settle
2026-09-25-MEIC-14:30-PUT,PUT,7730.0,7700.0,2026-09-25,1,EXPIRED,1008074148359,1.85,1.85,TP,1008075671983,0.10,0.00,182.64,2026-09-25T14:30:30-04:00,2026-09-25T16:07:04-04:00,rung0 | cash settle
2026-09-25-MEIC-14:30-CALL,CALL,7745.0,7775.0,2026-09-25,1,CLOSED,1008074148058,2.65,3.30,STOPPED,1008075671377,5.90,5.85,-259.72,2026-09-25T14:30:31-04:00,2026-09-25T15:51:04-04:00,rung0
2026-09-28-MEIC-12:00-PUT,PUT,7655.0,7625.0,2026-09-28,1,EXPIRED,1008086243783,1.45,1.50,HALT,1008095000010,30.00,0.00,147.64,2026-09-28T12:00:04-04:00,2026-09-28T16:07:25-04:00,rung2 | cash settle
2026-09-28-MEIC-12:00-CALL,CALL,7710.0,7740.0,2026-09-28,1,CLOSED,1008086243785,1.45,1.45,STOPPED,1008087298862,3.50,3.20,-179.72,2026-09-28T12:00:05-04:00,2026-09-28T12:18:10-04:00,rung0
2026-09-28-MEIC-12:30-PUT,PUT,7680.0,7650.0,2026-09-28,1,CLOSED,1008087299929,1.50,1.80,STOPPED,1008088376809,3.30,3.30,-154.72,2026-09-28T12:30:32-04:00,2026-09-28T12:43:02-04:00,rung0
2026-09-28-MEIC-12:30-CALL,CALL,7750.0,7780.0,2026-09-28,1,SKIPPED,1008088376299,1.45,,,,,,,2026-09-28T12:30:32-04:00,,unfilled after reprice
2026-09-28-MEIC-13:00-PUT,PUT,7675.0,7645.0,2026-09-28,1,EXPIRED,1008088377923,1.95,2.45,HALT,1008095000013,30.00,0.00,242.64,2026-09-28T13:00:32-04:00,2026-09-28T16:07:25-04:00,rung2 | cash settle
2026-09-28-MEIC-13:00-CALL,CALL,7725.0,7755.0,2026-09-28,1,CLOSED,1008088377925,1.50,1.50,STOPPED,1008089476722,5.40,5.40,-394.72,2026-09-28T13:00:33-04:00,2026-09-28T13:12:56-04:00,rung0
2026-09-28-MEIC-13:30-PUT,PUT,7675.0,7645.0,2026-09-28,1,EXPIRED,1008089477804,1.80,1.80,HALT,1008095000015,30.00,0.00,177.64,2026-09-28T13:30:25-04:00,2026-09-28T16:07:26-04:00,rung2 | cash settle
2026-09-28-MEIC-13:30-CALL,CALL,7725.0,7755.0,2026-09-28,1,EXPIRED,1008089477806,1.80,1.85,HALT,1008095000017,30.00,0.00,182.64,2026-09-28T13:30:26-04:00,2026-09-28T16:07:26-04:00,rung2 | cash settle
2026-09-28-MEIC-14:00-PUT,PUT,7680.0,7650.0,2026-09-28,1,CLOSED,1008090573071,1.45,1.55,STOPPED,1008094044467,3.60,3.30,-179.72,2026-09-28T14:00:22-04:00,2026-09-28T15:39:54-04:00,rung0
2026-09-28-MEIC-14:00-CALL,CALL,7725.0,7755.0,2026-09-28,1,EXPIRED,1008090573074,1.45,1.45,HALT,1008095000019,30.00,0.00,142.64,2026-09-28T14:00:23-04:00,2026-09-28T16:07:27-04:00,rung2 | cash settle
2026-09-28-MEIC-14:30-PUT,PUT,7680.0,7650.0,2026-09-28,1,CLOSED,1008091950357,1.50,1.50,STOPPED,1008094044475,3.60,3.25,-179.72,2026-09-28T14:30:18-04:00,2026-09-28T15:39:55-04:00,rung0
2026-09-28-MEIC-14:30-CALL,CALL,7715.0,7745.0,2026-09-28,1,EXPIRED,1008091950359,1.65,1.65,HALT,1008095000021,30.00,0.00,162.64,2026-09-28T14:30:18-04:00,2026-09-28T16:07:28-04:00,rung2 | cash settle
2026-09-29-MEIC-12:00-PUT,PUT,7630.0,7600.0,2026-09-29,1,OPEN,1008102871893,1.80,1.85,,,,,,2026-09-29T12:00:20-04:00,,
2026-09-29-MEIC-12:00-CALL,CALL,7695.0,7725.0,2026-09-29,1,OPEN,1008102871895,1.50,1.50,,,,,,2026-09-29T12:00:21-04:00,,
2026-09-29-MEIC-12:30-PUT,PUT,7635.0,7605.0,2026-09-29,1,OPEN,1008104964049,1.70,1.70,,,,,,2026-09-29T12:30:13-04:00,,
2026-09-29-MEIC-12:30-CALL,CALL,7690.0,7720.0,2026-09-29,1,OPEN,1008104964052,1.65,1.65,,,,,,2026-09-29T12:30:13-04:00,,
2026-09-29-MEIC-13:00-PUT,PUT,7635.0,7605.0,2026-09-29,1,OPEN,1008104965626,1.80,1.80,,,,,,2026-09-29T13:00:07-04:00,,
2026-09-29-MEIC-13:00-CALL,CALL,7680.0,7710.0,2026-09-29,1,OPEN,1008104965628,1.75,1.80,,,,,,2026-09-29T13:00:07-04:00,,
2026-09-30-ORB-CALL,CALL,7740.0,7710.0,2026-09-30,1,CLOSED,dry-1790778621555,-8.70,-8.70,STOPPED,dry-1790788582904,-3.80,-3.80,-494.72,2026-09-30T10:30:21-04:00,2026-09-30T13:16:53-04:00,rung0
2026-09-30-MEIC-12:00-PUT,PUT,7690.0,7660.0,2026-09-30,1,CLOSED,1008120016833,1.65,1.75,STOPPED,1008122962001,4.00,3.85,-214.72,2026-09-30T12:00:21-04:00,2026-09-30T13:16:54-04:00,rung0
2026-09-30-MEIC-12:00-CALL,CALL,7740.0,7770.0,2026-09-30,1,EXPIRED,1008120016835,1.50,1.50,HALT,1008127818562,30.00,0.00,147.64,2026-09-30T12:00:22-04:00,2026-09-30T16:07:10-04:00,rung2 | cash settle
2026-09-30-MEIC-12:30-PUT,PUT,7685.0,7655.0,2026-09-30,1,CLOSED,1008120999145,1.55,1.65,STOPPED,1008122962279,3.90,3.65,-204.72,2026-09-30T12:30:29-04:00,2026-09-30T13:21:09-04:00,rung0
2026-09-30-MEIC-12:30-CALL,CALL,7730.0,7760.0,2026-09-30,1,EXPIRED,1008120999147,1.80,1.80,HALT,1008127818564,30.00,0.00,177.64,2026-09-30T12:30:29-04:00,2026-09-30T16:07:10-04:00,rung2 | cash settle
2026-09-30-MEIC-13:00-PUT,PUT,7690.0,7660.0,2026-09-30,1,CLOSED,1008121948902,1.50,1.55,STOPPED,1008122962005,4.00,3.70,-219.72,2026-09-30T13:00:10-04:00,2026-09-30T13:16:55-04:00,rung0
2026-09-30-MEIC-13:00-CALL,CALL,7730.0,7760.0,2026-09-30,1,EXPIRED,1008121948905,1.55,1.55,HALT,1008127818566,30.00,0.00,152.64,2026-09-30T13:00:11-04:00,2026-09-30T16:07:11-04:00,rung2 | cash settle
2026-09-30-MEIC-13:30-PUT,PUT,7680.0,7650.0,2026-09-30,1,EXPIRED,1008122962852,1.95,1.95,HALT,1008127818394,30.00,28.42,-2649.36,2026-09-30T13:30:08-04:00,2026-09-30T16:07:11-04:00,rung2 | cash settle
2026-09-30-MEIC-13:30-CALL,CALL,7720.0,7750.0,2026-09-30,1,EXPIRED,1008122962854,1.45,1.45,HALT,1008127818569,30.00,0.00,142.64,2026-09-30T13:30:09-04:00,2026-09-30T16:07:12-04:00,rung2 | cash settle
2026-09-30-MEIC-14:00-PUT,PUT,7690.0,7660.0,2026-09-30,1,CLOSED,1008124180410,1.70,1.75,STOPPED,1008124775015,3.80,3.55,-184.72,2026-09-30T14:00:13-04:00,2026-09-30T14:24:01-04:00,rung0
2026-09-30-MEIC-14:00-CALL,CALL,7720.0,7750.0,2026-09-30,1,EXPIRED,1008124180413,1.70,1.70,HALT,1008127818571,30.00,0.00,167.64,2026-09-30T14:00:14-04:00,2026-09-30T16:07:12-04:00,rung2 | cash settle
2026-09-30-MEIC-14:30-PUT,PUT,7685.0,7655.0,2026-09-30,1,CLOSED,1008124775786,1.95,2.05,STOPPED,1008125236272,4.00,3.90,-189.72,2026-09-30T14:30:24-04:00,2026-09-30T14:35:09-04:00,rung0
2026-09-30-MEIC-14:30-CALL,CALL,7710.0,7740.0,2026-09-30,1,SKIPPED,1008124775790,1.60,,,,,,,2026-09-30T14:30:24-04:00,,open REJECTED: The order is not an opening transaction. It will decrease or close an existing o
2026-10-01-ORB-PUT,PUT,7600.0,7630.0,2026-10-01,1,CLOSED,dry-1790865030421,-10.00,-10.00,STOPPED,dry-1790872287541,-4.60,-4.60,-544.72,2026-10-01T10:30:30-04:00,2026-10-01T12:31:57-04:00,rung0|rejx0
2026-10-01-MEIC-12:00-PUT,PUT,7595.0,7565.0,2026-10-01,1,OPEN,1008137152640,1.70,2.10,,,,,,2026-10-01T12:00:15-04:00,,
2026-10-01-MEIC-12:00-CALL,CALL,7670.0,7700.0,2026-10-01,1,CLOSED,1008137152642,1.95,1.95,STOPPED,1008138282495,4.30,4.30,-239.72,2026-10-01T12:00:16-04:00,2026-10-01T12:34:07-04:00,rung0|rejx0
2026-10-01-MEIC-12:30-PUT,PUT,7605.0,7575.0,2026-10-01,1,SKIPPED,1008138282570,1.45,,,,,,,2026-10-01T12:30:22-04:00,,unfilled after reprice
2026-10-01-MEIC-12:30-CALL,CALL,7675.0,7705.0,2026-10-01,1,OPEN,1008138282314,1.55,1.70,,,,,,2026-10-01T12:30:23-04:00,,
